[{"round_id":0,"n_new_users":60433},{"round_id":1,"n_new_users":60485},{"round_id":2,"n_new_users":60262},{"round_id":3,"n_new_users":60441},{"round_id":4,"n_new_users":60404},{"round_id":5,"n_new_users":60461},{"round_id":6,"n_new_users":60403},{"round_id":7,"n_new_users":59883},{"round_id":8,"n_new_users":60729},{"round_id":9,"n_new_users":60588},{"round_id":10,"n_new_users":60740},{"round_id":11,"n_new_users":60916},{"round_id":12,"n_new_users":60315},{"round_id":13,"n_new_users":60750},{"round_id":14,"n_new_users":60681},{"round_id":15,"n_new_users":60501},{"round_id":16,"n_new_users":60422},{"round_id":17,"n_new_users":60355},{"round_id":18,"n_new_users":59935},{"round_id":19,"n_new_users":60726},{"round_id":20,"n_new_users":60710},{"round_id":21,"n_new_users":60558},{"round_id":22,"n_new_users":60571},{"round_id":23,"n_new_users":60383},{"round_id":24,"n_new_users":60341}]