[{"id":0,"budget_by_section":[{"total_budget":{"EpsDeltaDp":{"eps":5.0,"delta":1e-7}},"dnf":{"conjunctions":[{"predicates":{"Rules":{"In":[0]}}}]},"info":["RuleId(main=SubsetRuleId(subset=frozenset({'a0', 'a1'})), extensions=(SubsetRuleId(subset=frozenset({'NONE'})),), duplicate_id=None)"]}],"privacy_unit":"User","n_users":60433,"created":0,"retired":12,"privacy_unit_selection":null,"total_budget":null,"request_ids":[]},{"id":100,"budget_by_section":[{"total_budget":{"EpsDeltaDp":{"eps":5.0,"delta":1e-7}},"dnf":{"conjunctions":[{"predicates":{"Rules":{"In":[0]}}}]},"info":["RuleId(main=SubsetRuleId(subset=frozenset({'a0', 'a1'})), extensions=(SubsetRuleId(subset=frozenset({'NONE'})),), duplicate_id=None)"]}],"privacy_unit":"User","n_users":60485,"created":1,"retired":13,"privacy_unit_selection":null,"total_budget":null,"request_ids":[]},{"id":200,"budget_by_section":[{"total_budget":{"EpsDeltaDp":{"eps":5.0,"delta":1e-7}},"dnf":{"conjunctions":[{"predicates":{"Rules":{"In":[0]}}}]},"info":["RuleId(main=SubsetRuleId(subset=frozenset({'a0', 'a1'})), extensions=(SubsetRuleId(subset=frozenset({'NONE'})),), duplicate_id=None)"]}],"privacy_unit":"User","n_users":60262,"created":2,"retired":14,"privacy_unit_selection":null,"total_budget":null,"request_ids":[]},{"id":300,"budget_by_section":[{"total_budget":{"EpsDeltaDp":{"eps":5.0,"delta":1e-7}},"dnf":{"conjunctions":[{"predicates":{"Rules":{"In":[0]}}}]},"info":["RuleId(main=SubsetRuleId(subset=frozenset({'a0', 'a1'})), extensions=(SubsetRuleId(subset=frozenset({'NONE'})),), duplicate_id=None)"]}],"privacy_unit":"User","n_users":60441,"created":3,"retired":15,"privacy_unit_selection":null,"total_budget":null,"request_ids":[]},{"id":400,"budget_by_section":[{"total_budget":{"EpsDeltaDp":{"eps":5.0,"delta":1e-7}},"dnf":{"conjunctions":[{"predicates":{"Rules":{"In":[0]}}}]},"info":["RuleId(main=SubsetRuleId(subset=frozenset({'a0', 'a1'})), extensions=(SubsetRuleId(subset=frozenset({'NONE'})),), duplicate_id=None)"]}],"privacy_unit":"User","n_users":60404,"created":4,"retired":16,"privacy_unit_selection":null,"total_budget":null,"request_ids":[]},{"id":500,"budget_by_section":[{"total_budget":{"EpsDeltaDp":{"eps":5.0,"delta":1e-7}},"dnf":{"conjunctions":[{"predicates":{"Rules":{"In":[0]}}}]},"info":["RuleId(main=SubsetRuleId(subset=frozenset({'a0', 'a1'})), extensions=(SubsetRuleId(subset=frozenset({'NONE'})),), duplicate_id=None)"]}],"privacy_unit":"User","n_users":60461,"created":5,"retired":17,"privacy_unit_selection":null,"total_budget":null,"request_ids":[]},{"id":600,"budget_by_section":[{"total_budget":{"EpsDeltaDp":{"eps":5.0,"delta":1e-7}},"dnf":{"conjunctions":[{"predicates":{"Rules":{"In":[0]}}}]},"info":["RuleId(main=SubsetRuleId(subset=frozenset({'a0', 'a1'})), extensions=(SubsetRuleId(subset=frozenset({'NONE'})),), duplicate_id=None)"]}],"privacy_unit":"User","n_users":60403,"created":6,"retired":18,"privacy_unit_selection":null,"total_budget":null,"request_ids":[]},{"id":700,"budget_by_section":[{"total_budget":{"EpsDeltaDp":{"eps":5.0,"delta":1e-7}},"dnf":{"conjunctions":[{"predicates":{"Rules":{"In":[0]}}}]},"info":["RuleId(main=SubsetRuleId(subset=frozenset({'a0', 'a1'})), extensions=(SubsetRuleId(subset=frozenset({'NONE'})),), duplicate_id=None)"]}],"privacy_unit":"User","n_users":59883,"created":7,"retired":19,"privacy_unit_selection":null,"total_budget":null,"request_ids":[]},{"id":800,"budget_by_section":[{"total_budget":{"EpsDeltaDp":{"eps":5.0,"delta":1e-7}},"dnf":{"conjunctions":[{"predicates":{"Rules":{"In":[0]}}}]},"info":["RuleId(main=SubsetRuleId(subset=frozenset({'a0', 'a1'})), extensions=(SubsetRuleId(subset=frozenset({'NONE'})),), duplicate_id=None)"]}],"privacy_unit":"User","n_users":60729,"created":8,"retired":20,"privacy_unit_selection":null,"total_budget":null,"request_ids":[]},{"id":900,"budget_by_section":[{"total_budget":{"EpsDeltaDp":{"eps":5.0,"delta":1e-7}},"dnf":{"conjunctions":[{"predicates":{"Rules":{"In":[0]}}}]},"info":["RuleId(main=SubsetRuleId(subset=frozenset({'a0', 'a1'})), extensions=(SubsetRuleId(subset=frozenset({'NONE'})),), duplicate_id=None)"]}],"privacy_unit":"User","n_users":60588,"created":9,"retired":21,"privacy_unit_selection":null,"total_budget":null,"request_ids":[]},{"id":1000,"budget_by_section":[{"total_budget":{"EpsDeltaDp":{"eps":5.0,"delta":1e-7}},"dnf":{"conjunctions":[{"predicates":{"Rules":{"In":[0]}}}]},"info":["RuleId(main=SubsetRuleId(subset=frozenset({'a0', 'a1'})), extensions=(SubsetRuleId(subset=frozenset({'NONE'})),), duplicate_id=None)"]}],"privacy_unit":"User","n_users":60740,"created":10,"retired":22,"privacy_unit_selection":null,"total_budget":null,"request_ids":[]},{"id":1100,"budget_by_section":[{"total_budget":{"EpsDeltaDp":{"eps":5.0,"delta":1e-7}},"dnf":{"conjunctions":[{"predicates":{"Rules":{"In":[0]}}}]},"info":["RuleId(main=SubsetRuleId(subset=frozenset({'a0', 'a1'})), extensions=(SubsetRuleId(subset=frozenset({'NONE'})),), duplicate_id=None)"]}],"privacy_unit":"User","n_users":60916,"created":11,"retired":23,"privacy_unit_selection":null,"total_budget":null,"request_ids":[]},{"id":1200,"budget_by_section":[{"total_budget":{"EpsDeltaDp":{"eps":5.0,"delta":1e-7}},"dnf":{"conjunctions":[{"predicates":{"Rules":{"In":[0]}}}]},"info":["RuleId(main=SubsetRuleId(subset=frozenset({'a0', 'a1'})), extensions=(SubsetRuleId(subset=frozenset({'NONE'})),), duplicate_id=None)"]}],"privacy_unit":"User","n_users":60315,"created":12,"retired":24,"privacy_unit_selection":null,"total_budget":null,"request_ids":[]},{"id":1300,"budget_by_section":[{"total_budget":{"EpsDeltaDp":{"eps":5.0,"delta":1e-7}},"dnf":{"conjunctions":[{"predicates":{"Rules":{"In":[0]}}}]},"info":["RuleId(main=SubsetRuleId(subset=frozenset({'a0', 'a1'})), extensions=(SubsetRuleId(subset=frozenset({'NONE'})),), duplicate_id=None)"]}],"privacy_unit":"User","n_users":60750,"created":13,"retired":25,"privacy_unit_selection":null,"total_budget":null,"request_ids":[]},{"id":1400,"budget_by_section":[{"total_budget":{"EpsDeltaDp":{"eps":5.0,"delta":1e-7}},"dnf":{"conjunctions":[{"predicates":{"Rules":{"In":[0]}}}]},"info":["RuleId(main=SubsetRuleId(subset=frozenset({'a0', 'a1'})), extensions=(SubsetRuleId(subset=frozenset({'NONE'})),), duplicate_id=None)"]}],"privacy_unit":"User","n_users":60681,"created":14,"retired":26,"privacy_unit_selection":null,"total_budget":null,"request_ids":[]},{"id":1500,"budget_by_section":[{"total_budget":{"EpsDeltaDp":{"eps":5.0,"delta":1e-7}},"dnf":{"conjunctions":[{"predicates":{"Rules":{"In":[0]}}}]},"info":["RuleId(main=SubsetRuleId(subset=frozenset({'a0', 'a1'})), extensions=(SubsetRuleId(subset=frozenset({'NONE'})),), duplicate_id=None)"]}],"privacy_unit":"User","n_users":60501,"created":15,"retired":27,"privacy_unit_selection":null,"total_budget":null,"request_ids":[]},{"id":1600,"budget_by_section":[{"total_budget":{"EpsDeltaDp":{"eps":5.0,"delta":1e-7}},"dnf":{"conjunctions":[{"predicates":{"Rules":{"In":[0]}}}]},"info":["RuleId(main=SubsetRuleId(subset=frozenset({'a0', 'a1'})), extensions=(SubsetRuleId(subset=frozenset({'NONE'})),), duplicate_id=None)"]}],"privacy_unit":"User","n_users":60422,"created":16,"retired":28,"privacy_unit_selection":null,"total_budget":null,"request_ids":[]},{"id":1700,"budget_by_section":[{"total_budget":{"EpsDeltaDp":{"eps":5.0,"delta":1e-7}},"dnf":{"conjunctions":[{"predicates":{"Rules":{"In":[0]}}}]},"info":["RuleId(main=SubsetRuleId(subset=frozenset({'a0', 'a1'})), extensions=(SubsetRuleId(subset=frozenset({'NONE'})),), duplicate_id=None)"]}],"privacy_unit":"User","n_users":60355,"created":17,"retired":29,"privacy_unit_selection":null,"total_budget":null,"request_ids":[]},{"id":1800,"budget_by_section":[{"total_budget":{"EpsDeltaDp":{"eps":5.0,"delta":1e-7}},"dnf":{"conjunctions":[{"predicates":{"Rules":{"In":[0]}}}]},"info":["RuleId(main=SubsetRuleId(subset=frozenset({'a0', 'a1'})), extensions=(SubsetRuleId(subset=frozenset({'NONE'})),), duplicate_id=None)"]}],"privacy_unit":"User","n_users":59935,"created":18,"retired":30,"privacy_unit_selection":null,"total_budget":null,"request_ids":[]},{"id":1900,"budget_by_section":[{"total_budget":{"EpsDeltaDp":{"eps":5.0,"delta":1e-7}},"dnf":{"conjunctions":[{"predicates":{"Rules":{"In":[0]}}}]},"info":["RuleId(main=SubsetRuleId(subset=frozenset({'a0', 'a1'})), extensions=(SubsetRuleId(subset=frozenset({'NONE'})),), duplicate_id=None)"]}],"privacy_unit":"User","n_users":60726,"created":19,"retired":31,"privacy_unit_selection":null,"total_budget":null,"request_ids":[]},{"id":2000,"budget_by_section":[{"total_budget":{"EpsDeltaDp":{"eps":5.0,"delta":1e-7}},"dnf":{"conjunctions":[{"predicates":{"Rules":{"In":[0]}}}]},"info":["RuleId(main=SubsetRuleId(subset=frozenset({'a0', 'a1'})), extensions=(SubsetRuleId(subset=frozenset({'NONE'})),), duplicate_id=None)"]}],"privacy_unit":"User","n_users":60710,"created":20,"retired":32,"privacy_unit_selection":null,"total_budget":null,"request_ids":[]},{"id":2100,"budget_by_section":[{"total_budget":{"EpsDeltaDp":{"eps":5.0,"delta":1e-7}},"dnf":{"conjunctions":[{"predicates":{"Rules":{"In":[0]}}}]},"info":["RuleId(main=SubsetRuleId(subset=frozenset({'a0', 'a1'})), extensions=(SubsetRuleId(subset=frozenset({'NONE'})),), duplicate_id=None)"]}],"privacy_unit":"User","n_users":60558,"created":21,"retired":33,"privacy_unit_selection":null,"total_budget":null,"request_ids":[]},{"id":2200,"budget_by_section":[{"total_budget":{"EpsDeltaDp":{"eps":5.0,"delta":1e-7}},"dnf":{"conjunctions":[{"predicates":{"Rules":{"In":[0]}}}]},"info":["RuleId(main=SubsetRuleId(subset=frozenset({'a0', 'a1'})), extensions=(SubsetRuleId(subset=frozenset({'NONE'})),), duplicate_id=None)"]}],"privacy_unit":"User","n_users":60571,"created":22,"retired":34,"privacy_unit_selection":null,"total_budget":null,"request_ids":[]},{"id":2300,"budget_by_section":[{"total_budget":{"EpsDeltaDp":{"eps":5.0,"delta":1e-7}},"dnf":{"conjunctions":[{"predicates":{"Rules":{"In":[0]}}}]},"info":["RuleId(main=SubsetRuleId(subset=frozenset({'a0', 'a1'})), extensions=(SubsetRuleId(subset=frozenset({'NONE'})),), duplicate_id=None)"]}],"privacy_unit":"User","n_users":60383,"created":23,"retired":35,"privacy_unit_selection":null,"total_budget":null,"request_ids":[]},{"id":2400,"budget_by_section":[{"total_budget":{"EpsDeltaDp":{"eps":5.0,"delta":1e-7}},"dnf":{"conjunctions":[{"predicates":{"Rules":{"In":[0]}}}]},"info":["RuleId(main=SubsetRuleId(subset=frozenset({'a0', 'a1'})), extensions=(SubsetRuleId(subset=frozenset({'NONE'})),), duplicate_id=None)"]}],"privacy_unit":"User","n_users":60341,"created":24,"retired":36,"privacy_unit_selection":null,"total_budget":null,"request_ids":[]}]