{"attributes":[{"name":"attr0","value_domain":{"min":0,"max":31}},{"name":"Rules","value_domain":{"min":0,"max":0}}],"accounting_type":{"Rdp":{"eps_values":[0.0,0.0,0.0,0.0,0.0,0.0,0.0,0.0,0.0,0.0,0.0,0.0,0.0,0.0]}},"privacy_units":["User"],"block_sliding_window_size":12,"attribute_info":{"idx_lookup":{"User":{"0":[{"name":"All","attributes":["a0","a1"]},{"name":"NONE","labels":["NONE"]}]}},"categories":{},"attributes":{"a0":{"attribute_risk_level":"LOW","category_assignment":{}},"a1":{"attribute_risk_level":"MEDIUM","category_assignment":{}}}},"budget_config":{"per_attribute_budget":{"User":{"HIGH":{"EpsDeltaDp":{"eps":3.0,"delta":1e-7}},"MEDIUM":{"EpsDeltaDp":{"eps":5.0,"delta":1e-7}},"LOW":{"EpsDeltaDp":{"eps":5.0,"delta":1e-7}}},"UserMonth":{"HIGH":{"EpsDeltaDp":{"eps":3.0,"delta":1e-7}},"MEDIUM":{"EpsDeltaDp":{"eps":5.0,"delta":1e-7}},"LOW":{"EpsDeltaDp":{"eps":5.0,"delta":1e-7}}}},"per_attribute_budget_overrides":[],"per_category_budget":{"User":{"HIGH":{"EpsDeltaDp":{"eps":5.0,"delta":1e-7}},"MEDIUM":{"EpsDeltaDp":{"eps":5.0,"delta":1e-7}},"LOW":{"EpsDeltaDp":{"eps":5.0,"delta":1e-7}}},"UserMonth":{"HIGH":{"EpsDeltaDp":{"eps":5.0,"delta":1e-7}},"MEDIUM":{"EpsDeltaDp":{"eps":5.0,"delta":1e-7}},"LOW":{"EpsDeltaDp":{"eps":5.0,"delta":1e-7}}}},"per_category_budget_overrides":[],"total_budget":{"User":{"EpsDeltaDp":{"eps":5.0,"delta":1e-7}},"UserMonth":{"EpsDeltaDp":{"eps":5.0,"delta":1e-7}}}},"attributes_pa":[{"name":"attr0","value_domain":{"min":0,"max":31}}]}